score,label
0.4444967210292816,0
0.9952965378761292,1
